embodiment,interface,failure_reason,count
wuji,DIRECT_AGENT,ACTUATOR_LIMIT,1
wuji,DIRECT_AGENT,FORBIDDEN_CONTACT,37
wuji,DIRECT_AGENT,GOAL_NOT_REACHED_WITHIN_BUDGET,18
sharpa,SKILL_AGENT,FORBIDDEN_CONTACT,1
sharpa,SKILL_AGENT,GOAL_NOT_REACHED_WITHIN_BUDGET,17
sharpa,DIRECT_AGENT,FORBIDDEN_CONTACT,5
sharpa,DIRECT_AGENT,GOAL_NOT_REACHED_WITHIN_BUDGET,36
allegro_v5,SKILL_AGENT,GOAL_NOT_REACHED_WITHIN_BUDGET,85
allegro_v5,DIRECT_AGENT,ACTUATOR_LIMIT,4
allegro_v5,DIRECT_AGENT,GOAL_NOT_REACHED_WITHIN_BUDGET,60
robotiq_2f85,SKILL_AGENT,GOAL_NOT_REACHED_WITHIN_BUDGET,96
robotiq_2f85,DIRECT_AGENT,GOAL_NOT_REACHED_WITHIN_BUDGET,96
